date,account,category,amount,currency,converted amount,currency,description
17/08/2021,Cash,Taxi,-400,EUR,-400,EUR,Varis no comptat
04/09/2021,Cash,House,-350,EUR,-350,EUR,Lloguer pis
04/09/2021,Cash,Salary,"1,500",EUR,"1,500",EUR,Salary
04/09/2021,Cash,Food,-13,EUR,-13,EUR,
04/09/2021,Cash,Food,-16,EUR,-16,EUR,
04/09/2021,Cash,Entertainment,-25,EUR,-25,EUR,Joc taula
04/09/2021,Cash,Eating out,-25,EUR,-25,EUR,Pizzeria
04/09/2021,Cash,Entertainment,-7,EUR,-7,EUR,Vinitos
05/09/2021,Cash,Entertainment,-2.2,EUR,-2.2,EUR,Coffe
05/09/2021,Cash,Entertainment,-3,EUR,-3,EUR,Birra
06/09/2021,Cash,Food,-2.37,EUR,-2.37,EUR,
06/09/2021,Cash,House,-9.05,EUR,-9.05,EUR,Various beach
06/09/2021,Cash,Car,-38,EUR,-38,EUR,Fuel
07/09/2021,Cash,Eating out,-7.8,EUR,-7.8,EUR,Breakfast cal jan
07/09/2021,Cash,Eating out,-6,EUR,-6,EUR,Berenar Rox
07/09/2021,Cash,Food,-7.85,EUR,-7.85,EUR,Carrefourbio
08/09/2021,Cash,Food,-28,EUR,-28,EUR,Menjar x cercs
08/09/2021,Cash,House,-20,EUR,-20,EUR,Atornilladora
08/09/2021,Cash,Car,-10,EUR,-10,EUR,Peatge cercs anada
08/09/2021,Cash,Eating out,-27,EUR,-27,EUR,Dinar
09/09/2021,Cash,Food,-7.8,EUR,-7.8,EUR,Ca l'agustí
09/09/2021,Cash,Eating out,-24.75,EUR,-24.75,EUR,Dinar BPcercs
12/09/2021,Cash,Car,-10,EUR,-10,EUR,Peatge cercs tornada
13/09/2021,Cash,Eating out,-4.75,EUR,-4.75,EUR,Esmorzar puro cafe
13/09/2021,Cash,Eating out,-8.45,EUR,-8.45,EUR,Dinar ofi
14/09/2021,Cash,Eating out,-4.4,EUR,-4.4,EUR,Esmorzar ofi
15/09/2021,Cash,Food,-30,EUR,-30,EUR,Mercadona
15/09/2021,Cash,Cosmetic,-14,EUR,-14,EUR,Champú solido gibrell
16/09/2021,Cash,Eating out,-12.45,EUR,-12.45,EUR,Petit bangkok
18/09/2021,Cash,Transport,-11.4,EUR,-11.4,EUR,Metro
18/09/2021,Cash,Eating out,-6.8,EUR,-6.8,EUR,Esmorzar
18/09/2021,Cash,Food,-40,EUR,-40,EUR,Mercadona
18/09/2021,Cash,Eating out,-7.5,EUR,-7.5,EUR,Berenar sopar teteria
19/09/2021,Cash,Eating out,-7,EUR,-7,EUR,Pollo
21/09/2021,Cash,Eating out,-17,EUR,-17,EUR,Lidl
21/09/2021,Cash,Cosmetic,-12,EUR,-12,EUR,Pelu
21/09/2021,Cash,Health,-60,EUR,-60,EUR,Cant
21/09/2021,Cash,Bills,-26.44,EUR,-26.44,EUR,Llum
23/09/2021,Cash,Car,-80,EUR,-80,EUR,Parking
24/09/2021,Cash,Entertainment,-7,EUR,-7,EUR,Abirradero
24/09/2021,Cash,Eating out,-26.5,EUR,-26.5,EUR,Pummarola
25/09/2021,Cash,Food,-7,EUR,-7,EUR,Mercadona
25/09/2021,Cash,Entertainment,-4,EUR,-4,EUR,Birres
26/09/2021,Cash,Food,-7,EUR,-7,EUR,Fruiteria
26/09/2021,Cash,Entertainment,-13.2,EUR,-13.2,EUR,Birres Vallvidrera
28/09/2021,Cash,Eating out,-23.5,EUR,-23.5,EUR,Simbad
28/09/2021,Cash,Entertainment,-11.58,EUR,-11.58,EUR,Birra lab
30/09/2021,Cash,Entertainment,-4.4,EUR,-4.4,EUR,Birres camping
30/09/2021,Cash,Food,-3.25,EUR,-3.25,EUR,Pa bo
01/10/2021,Cash,Salary,"1,500",EUR,"1,500",EUR,Nòmina
02/10/2021,Cash,Food,-10,EUR,-10,EUR,Mercadona
03/10/2021,Cash,Food,-12,EUR,-12,EUR,Bolleria mercat medieval
03/10/2021,Cash,House,-6,EUR,-6,EUR,Pala cuinar fusta
04/10/2021,Cash,Sports,-100,EUR,-100,EUR,Bamboo
05/10/2021,Cash,Food,-26,EUR,-26,EUR,Lidl
05/10/2021,Cash,Health,-120,EUR,-120,EUR,Cant
05/10/2021,Cash,Eating out,-3.6,EUR,-3.6,EUR,Form
05/10/2021,Cash,Entertainment,-4.5,EUR,-4.5,EUR,Birres camping
05/10/2021,Cash,Bills,-38,EUR,-38,EUR,Pepephone
05/10/2021,Cash,Bills,-37,EUR,-37,EUR,Aigua
05/10/2021,Cash,Bills,-37,EUR,-37,EUR,Aigua (anterior)
05/10/2021,Cash,House,-350,EUR,-350,EUR,Lloguer pis
06/10/2021,Cash,Eating out,-4,EUR,-4,EUR,Too good to go
07/10/2021,Cash,Food,-32,EUR,-32,EUR,Mercadona
08/10/2021,Cash,House,-40,EUR,-40,EUR,Taula 1er pagament
08/10/2021,Cash,Car,-80,EUR,-80,EUR,Parking
10/10/2021,Cash,Car,-40,EUR,-40,EUR,Fuel
10/10/2021,Cash,Eating out,-4,EUR,-4,EUR,Cafe
11/10/2021,Cash,Entertainment,-4.45,EUR,-4.45,EUR,Cafés
11/10/2021,Cash,Food,-4,EUR,-4,EUR,Pa bo
11/10/2021,Cash,Food,-10,EUR,-10,EUR,Bonarea
12/10/2021,Cash,Food,-11,EUR,-11,EUR,La pau 
12/10/2021,Cash,Entertainment,-4.75,EUR,-4.75,EUR,Postres
13/10/2021,Cash,Eating out,-4,EUR,-4,EUR,Too good to go
13/10/2021,Cash,Food,-19,EUR,-19,EUR,Lidl
14/10/2021,Cash,Eating out,-4,EUR,-4,EUR,Puro café
16/10/2021,Cash,Entertainment,-8,EUR,-8,EUR,Vi
16/10/2021,Cash,Eating out,-6.5,EUR,-6.5,EUR,Esmorzar alonso
17/10/2021,Cash,Eating out,-25,EUR,-25,EUR,La clota
17/10/2021,Cash,Food,-20,EUR,-20,EUR,Compres varis
17/10/2021,Cash,Entertainment,-11,EUR,-11,EUR,Terreno varis
19/10/2021,Cash,Food,-3,EUR,-3,EUR,Varis
19/10/2021,Cash,Food,-20,EUR,-20,EUR,Mercadona
21/10/2021,Cash,Eating out,-13,EUR,-13,EUR,Dinar ofi
21/10/2021,Cash,Entertainment,-13.2,EUR,-13.2,EUR,Birres lode
23/10/2021,Cash,Food,-36,EUR,-36,EUR,Mercadona
23/10/2021,Cash,Clothes,-20,EUR,-20,EUR,Sudadera
23/10/2021,Cash,Bills,-33.52,EUR,-33.52,EUR,Gas
24/10/2021,Cash,Food,-11,EUR,-11,EUR,Mercadona
24/10/2021,Cash,Food,-20,EUR,-20,EUR,Varis menjar
25/10/2021,Cash,Entertainment,-21,EUR,-21,EUR,Axes
26/10/2021,Cash,House,-100,EUR,-100,EUR,Taula segon pagament
28/10/2021,Cash,Food,-45,EUR,-45,EUR,Mercadona
29/10/2021,Cash,House,-191,EUR,-191,EUR,Ikea
29/10/2021,Cash,Car,-4.5,EUR,-4.5,EUR,Parking sg família
30/10/2021,Cash,Food,-27,EUR,-27,EUR,Lidl
30/10/2021,Cash,Entertainment,-5,EUR,-5,EUR,Castanyada decoració
03/11/2021,Cash,House,-350,EUR,-350,EUR,Lloguer pis
03/11/2021,Cash,Bills,-30,EUR,-30,EUR,Llum
03/11/2021,Cash,Sports,-100,EUR,-100,EUR,Bamboo
03/11/2021,Cash,Salary,"1,500",EUR,"1,500",EUR,Nòmina
03/11/2021,Cash,Bills,-105,EUR,-105,EUR,Raiola hosting
04/11/2021,Cash,Car,-80,EUR,-80,EUR,Parking
04/11/2021,Cash,Food,-44,EUR,-44,EUR,Mercadona
04/11/2021,Cash,Food,-50,EUR,-50,EUR,Pote menjat
04/11/2021,Cash,Bills,-37,EUR,-37,EUR,Pepephone
05/11/2021,Cash,Entertainment,-30,EUR,-30,EUR,Kubatas Merlin
05/11/2021,Cash,Entertainment,-15,EUR,-15,EUR,Ovella negra
05/11/2021,Cash,Entertainment,-15,EUR,-15,EUR,Merlin entrada
08/11/2021,Cash,Cosmetic,-8,EUR,-8,EUR,Fisiocrem
08/11/2021,Cash,Food,-10,EUR,-10,EUR,Mercadona
11/11/2021,Cash,Health,-13.43,EUR,-13.43,EUR,Herboriateria
11/11/2021,Cash,Food,-25,EUR,-25,EUR,Lidl
13/11/2021,Cash,Food,-19.69,EUR,-19.69,EUR,Mercadona
13/11/2021,Cash,Eating out,-25,EUR,-25,EUR,Dinar 
13/11/2021,Cash,Eating out,-4,EUR,-4,EUR,Cafe
13/11/2021,Cash,Food,-4,EUR,-4,EUR,Too good to go
16/11/2021,Cash,Food,-8.28,EUR,-8.28,EUR,Fruiteria
18/11/2021,Cash,Entertainment,-5,EUR,-5,EUR,Birres
20/11/2021,Cash,Food,-30,EUR,-30,EUR,Pote menjar
23/11/2021,Cash,Food,-36,EUR,-36,EUR,Lidl
23/11/2021,Cash,Health,-30,EUR,-30,EUR,Cant
27/11/2021,Cash,Food,-53,EUR,-53,EUR,Mercadona
27/11/2021,Cash,Transport,-11,EUR,-11,EUR,Metro
27/11/2021,Cash,Food,-20,EUR,-20,EUR, Varis cuina
27/11/2021,Cash,House,-21,EUR,-21,EUR,Torradora
27/11/2021,Cash,Clothes,-10,EUR,-10,EUR,Samarreta màniga llarga
27/11/2021,Cash,Food,-3.45,EUR,-3.45,EUR,Fruita
30/11/2021,Cash,Food,-17,EUR,-17,EUR,Mercadona
01/12/2021,Cash,Entertainment,-2.8,EUR,-2.8,EUR,Birra
01/12/2021,Cash,Eating out,-1.35,EUR,-1.35,EUR,Cofee
02/12/2021,Cash,Sports,-100,EUR,-100,EUR,Bamboo
02/12/2021,Cash,Eating out,-9,EUR,-9,EUR,Dinar ofi
04/12/2021,Cash,Food,-45,EUR,-45,EUR,Mercadona
05/12/2021,Cash,House,-13,EUR,-13,EUR,Varis casa
05/12/2021,Cash,Sports,-12,EUR,-12,EUR,Hwarang
05/12/2021,Cash,Food,-50,EUR,-50,EUR,Pote menjar
05/12/2021,Cash,Bills,-60,EUR,-60,EUR,Deutes
06/12/2021,Cash,Bills,-37,EUR,-37,EUR,Pepephone
06/12/2021,Cash,Health,-120,EUR,-120,EUR,Cant
10/12/2021,Cash,House,-350,EUR,-350,EUR,Lloguer pis
10/12/2021,Cash,Bills,-45,EUR,-45,EUR,Llum
10/12/2021,Cash,Bills,-30,EUR,-30,EUR,Aigua
10/12/2021,Cash,Salary,"1,500",EUR,"1,500",EUR,Salary
10/12/2021,Cash,Car,-80,EUR,-80,EUR,Parking
10/12/2021,Cash,House,-50,EUR,-50,EUR,Minipimer
10/12/2021,Cash,Food,-13,EUR,-13,EUR,Taller pa
10/12/2021,Cash,Entertainment,-5,EUR,-5,EUR,Bars
11/12/2021,Cash,Eating out,-6.4,EUR,-6.4,EUR,Buenas migas 
11/12/2021,Cash,Eating out,-7.5,EUR,-7.5,EUR,Pummarola
12/12/2021,Cash,Eating out,-16.4,EUR,-16.4,EUR,Frabk balken bigues
12/12/2021,Cash,Food,-10,EUR,-10,EUR,Fruita
13/12/2021,Cash,Food,-11,EUR,-11,EUR,Bigues
13/12/2021,Cash,Sports,-26,EUR,-26,EUR,Cursa
16/12/2021,Cash,House,-8.3,EUR,-8.3,EUR,Bazar badal
17/12/2021,Cash,Eating out,-4,EUR,-4,EUR,Too good to go
18/12/2021,Cash,Food,-16,EUR,-16,EUR,Mercat sants
18/12/2021,Cash,Cosmetic,-19.75,EUR,-19.75,EUR,Diet center
18/12/2021,Cash,House,-17.5,EUR,-17.5,EUR,Bazar badal
19/12/2021,Cash,Eating out,-5.5,EUR,-5.5,EUR,Pizza
20/12/2021,Cash,Food,-24,EUR,-24,EUR,Mercat sants
20/12/2021,Cash,Food,-14,EUR,-14,EUR,Graner barri
20/12/2021,Cash,Bills,-4,EUR,-4,EUR,Prime
21/12/2021,Cash,Food,-23,EUR,-23,EUR,Mercat sants
24/12/2021,Cash,Food,-22.5,EUR,-22.5,EUR,Unknow
24/12/2021,Cash,Health,-7,EUR,-7,EUR,Antígens
24/12/2021,Cash,Entertainment,-5,EUR,-5,EUR,Estanc
25/12/2021,Cash,Entertainment,-3,EUR,-3,EUR,Unknow
26/12/2021,Cash,Eating out,-6.5,EUR,-6.5,EUR,Buenas migas 
28/12/2021,Cash,Food,-26,EUR,-26,EUR,Mercadona
28/12/2021,Cash,Health,-4,EUR,-4,EUR,Gibrell
28/12/2021,Cash,House,-260,EUR,-260,EUR,Instal calentador
30/12/2021,Cash,Eating out,-3,EUR,-3,EUR,Kfe
30/12/2021,Cash,Food,-25,EUR,-25,EUR,Mercadona
30/12/2021,Cash,Food,-15,EUR,-15,EUR,Graner barri
30/12/2021,Cash,House,-6.45,EUR,-6.45,EUR,Bazar
31/12/2021,Cash,House,-3.3,EUR,-3.3,EUR,Bazar
31/12/2021,Cash,Food,-6,EUR,-6,EUR,Guisona
31/12/2021,Cash,Food,-2.45,EUR,-2.45,EUR,Fruita
31/12/2021,Cash,Food,-11.87,EUR,-11.87,EUR,Ametller
01/01/2022,Cash,Eating out,-18.7,EUR,-18.7,EUR,Wok to walk
02/01/2022,Cash,Gifts,-46,EUR,-46,EUR,Llibres fnac
03/01/2022,Cash,Transport,-11,EUR,-11,EUR,Metro
03/01/2022,Cash,Gifts,-40,EUR,-40,EUR,Arturia
03/01/2022,Cash,Food,-27,EUR,-27,EUR,Lidl
03/01/2022,Cash,Bills,-37.9,EUR,-37.9,EUR,Pepephone
04/01/2022,Cash,Gifts,-16.8,EUR,-16.8,EUR,Natura
04/01/2022,Cash,House,-10.85,EUR,-10.85,EUR,Abacus
04/01/2022,Cash,Gifts,-54,EUR,-54,EUR,Brass game
04/01/2022,Cash,House,-350,EUR,-350,EUR,Lloguer pis
04/01/2022,Cash,Bills,-50,EUR,-50,EUR,Llum
04/01/2022,Cash,Sports,-100,EUR,-100,EUR,Bamboo
04/01/2022,Cash,Salary,"1,500",EUR,"1,500",EUR,
05/01/2022,Cash,Eating out,-4.5,EUR,-4.5,EUR,Entrepa
05/01/2022,Cash,House,-8.5,EUR,-8.5,EUR,Elim
06/01/2022,Cash,Gifts,-80,EUR,-80,EUR,Ragal reis fang
11/01/2022,Cash,Food,-50,EUR,-50,EUR,Pote menjar
11/01/2022,Cash,Eating out,-20,EUR,-20,EUR,Buenas migas 
11/01/2022,Cash,Food,-35,EUR,-35,EUR,Mercadona
13/01/2022,Cash,Food,-30,EUR,-30,EUR,Mercadona
13/01/2022,Cash,Food,-6.8,EUR,-6.8,EUR,Agustí
13/01/2022,Cash,Car,-10,EUR,-10,EUR,Peatge cercs anada
15/01/2022,Cash,House,-30,EUR,-30,EUR,Pellets cercs
15/01/2022,Cash,Food,-11,EUR,-11,EUR,Mercat berga
18/01/2022,Cash,Food,-24,EUR,-24,EUR,Mercadona
18/01/2022,Cash,Health,-9,EUR,-9,EUR,Tests
21/01/2022,Cash,Food,-30,EUR,-30,EUR,Dia onlie
24/01/2022,Cash,Entertainment,-4,EUR,-4,EUR,Prime
27/01/2022,Cash,Eating out,-35,EUR,-35,EUR,Simbad
28/01/2022,Cash,Food,-62,EUR,-62,EUR,Mercadona
02/02/2022,Cash,Eating out,-9.5,EUR,-9.5,EUR,Antonios
02/02/2022,Cash,Eating out,-26,EUR,-26,EUR,La real
03/02/2022,Cash,Bills,-37,EUR,-37,EUR,Pepephone
04/02/2022,Cash,Salary,"1,500",EUR,"1,500",EUR,
04/02/2022,Cash,House,-350,EUR,-350,EUR,Lloguer pis
04/02/2022,Cash,Bills,-45,EUR,-45,EUR,Aigua
04/02/2022,Cash,Bills,-45,EUR,-45,EUR,Llum
04/02/2022,Cash,Sports,-100,EUR,-100,EUR,Bamoo
04/02/2022,Cash,Bills,-37,EUR,-37,EUR,Pepephone
04/02/2022,Cash,Food,-44,EUR,-44,EUR,Mercadona
05/02/2022,Cash,Eating out,-13,EUR,-13,EUR,Pollo
05/02/2022,Cash,Eating out,-6.15,EUR,-6.15,EUR,Varis
06/02/2022,Cash,Sports,-95,EUR,-95,EUR,Running shoes
07/02/2022,Cash,Car,-80,EUR,-80,EUR,Parking
08/02/2022,Cash,Food,-12,EUR,-12,EUR,Mercadona
08/02/2022,Cash,Food,-50,EUR,-50,EUR,Pote menjar
09/02/2022,Cash,Transport,-150,EUR,-150,EUR,Bici amat
10/02/2022,Cash,Food,-7.7,EUR,-7.7,EUR,Bonarea
10/02/2022,Cash,Car,-242,EUR,-242,EUR,Seguro cotxe
11/02/2022,Cash,Transport,-11,EUR,-11,EUR,Metro
12/02/2022,Cash,Food,-44.16,EUR,-44.16,EUR,Mercadona
12/02/2022,Cash,Entertainment,-2.5,EUR,-2.5,EUR,Cara
13/02/2022,Cash,Eating out,-2.5,EUR,-2.5,EUR,Croisants
13/02/2022,Cash,Eating out,-40,EUR,-40,EUR,Dinar la pau
13/02/2022,Cash,Health,-90,EUR,-90,EUR,Cant
14/02/2022,Cash,Health,-31.35,EUR,-31.35,EUR,Colagen + defenses
15/02/2022,Cash,Transport,-37,EUR,-37,EUR,La clotabikes
15/02/2022,Cash,Clothes,-56,EUR,-56,EUR,Decathlon
17/02/2022,Cash,Food,-50,EUR,-50,EUR,Pote menjar
18/02/2022,Cash,Eating out,-3,EUR,-3,EUR,Bar ivan
19/02/2022,Cash,Gifts,-30,EUR,-30,EUR,Decathlon
19/02/2022,Cash,Eating out,-6.5,EUR,-6.5,EUR,Dinar ofi
19/02/2022,Cash,Food,-51,EUR,-51,EUR,Mercadona
20/02/2022,Cash,Gifts,-5.15,EUR,-5.15,EUR,Croisants
23/02/2022,Cash,Food,-23,EUR,-23,EUR,Mercadona
23/02/2022,Cash,Eating out,-4,EUR,-4,EUR,Too good to go
23/02/2022,Cash,Cosmetic,-5.35,EUR,-5.35,EUR,Pasta dents
23/02/2022,Cash,House,-50,EUR,-50,EUR,Cadira
23/02/2022,Cash,Savings,100,EUR,100,EUR,Aniversari
23/02/2022,Cash,Bills,-51,EUR,-51,EUR,Gas
25/02/2022,Cash,Eating out,-9,EUR,-9,EUR,Antonios
25/02/2022,Cash,Eating out,-11.6,EUR,-11.6,EUR,El glop
25/02/2022,Cash,Eating out,-12,EUR,-12,EUR,El glop
26/02/2022,Cash,Food,-28,EUR,-28,EUR,Mercadona
01/03/2022,Cash,Eating out,-7,EUR,-7,EUR,Dinar ofi
01/03/2022,Cash,Entertainment,-22,EUR,-22,EUR,Npk
02/03/2022,Cash,Eating out,-12.92,EUR,-12.92,EUR,Llorente
02/03/2022,Cash,Salary,"1,800",EUR,"1,800",EUR,
02/03/2022,Cash,Health,-60,EUR,-60,EUR,Cant
02/03/2022,Cash,Entertainment,-6,EUR,-6,EUR,Estanc
04/03/2022,Cash,Salary,308,EUR,308,EUR,Extra
04/03/2022,Cash,House,-350,EUR,-350,EUR,Lloguer pis
04/03/2022,Cash,Bills,-50,EUR,-50,EUR,Llum
04/03/2022,Cash,Entertainment,-40,EUR,-40,EUR,Spotify
04/03/2022,Cash,Health,-100,EUR,-100,EUR,Bamboo
04/03/2022,Cash,Bills,-37,EUR,-37,EUR,Pepephone
04/03/2022,Cash,Food,-48,EUR,-48,EUR,Mercadona
06/03/2022,Cash,Eating out,-24,EUR,-24,EUR,Dinar massaiada
07/03/2022,Cash,Eating out,-3.15,EUR,-3.15,EUR,Forn
07/03/2022,Cash,Car,-80,EUR,-80,EUR,Parking
09/03/2022,Cash,Food,-45,EUR,-45,EUR,Mercadona
10/03/2022,Cash,Entertainment,-27,EUR,-27,EUR,Teatre
10/03/2022,Cash,Entertainment,-5.5,EUR,-5.5,EUR,Birres
11/03/2022,Cash,Food,-48,EUR,-48,EUR,Mercadona
11/03/2022,Cash,Eating out,-5.5,EUR,-5.5,EUR,Varis
12/03/2022,Cash,Eating out,-9,EUR,-9,EUR,Pastisseria
12/03/2022,Cash,Eating out,-40,EUR,-40,EUR,Pollos pau
12/03/2022,Cash,Deposits,55,EUR,55,EUR,Varis
13/03/2022,Cash,Food,-33,EUR,-33,EUR,Canelons taller
13/03/2022,Cash,Eating out,-4,EUR,-4,EUR,Shwarma
15/03/2022,Cash,Car,-40,EUR,-40,EUR,Itv
17/03/2022,Cash,Food,-50,EUR,-50,EUR,Pote menjar
17/03/2022,Cash,Entertainment,-11,EUR,-11,EUR,Birres curro
18/03/2022,Cash,Food,-27,EUR,-27,EUR,Mercadona
18/03/2022,Cash,Transport,-6,EUR,-6,EUR,Taxi
18/03/2022,Cash,Entertainment,-40,EUR,-40,EUR,Sopar + espectacle Iguana
19/03/2022,Cash,House,-15,EUR,-15,EUR,Varis casa
19/03/2022,Cash,Food,-5.15,EUR,-5.15,EUR,Vermutillo
22/03/2022,Cash,Eating out,-13.95,EUR,-13.95,EUR,Dinar ofi
22/03/2022,Cash,Entertainment,-6.5,EUR,-6.5,EUR,Birres curro
25/03/2022,Cash,Entertainment,-12,EUR,-12,EUR,Teatre
25/03/2022,Cash,Health,-30,EUR,-30,EUR,Cant
25/03/2022,Cash,Entertainment,-5,EUR,-5,EUR,Estanc
25/03/2022,Cash,Food,-3,EUR,-3,EUR,Pizza
26/03/2022,Cash,Entertainment,-5,EUR,-5,EUR,Birres pre teatre
26/03/2022,Cash,Entertainment,-15,EUR,-15,EUR,Sopar + birres
27/03/2022,Cash,Eating out,-30,EUR,-30,EUR,Dinar i sopar 
29/03/2022,Cash,Food,-61,EUR,-61,EUR,Mercadona
29/03/2022,Cash,Health,-10.6,EUR,-10.6,EUR,Herboriateria
31/03/2022,Cash,Eating out,-15,EUR,-15,EUR,Kibuka
31/03/2022,Cash,Entertainment,-15,EUR,-15,EUR,Hopiness
01/04/2022,Cash,Eating out,-2,EUR,-2,EUR,Palmera
01/04/2022,Cash,Salary,"1,800",EUR,"1,800",EUR,
01/04/2022,Cash,Eating out,-11,EUR,-11,EUR,Simbad
02/04/2022,Cash,Food,-7,EUR,-7,EUR,Area guisona
02/04/2022,Cash,Eating out,-15,EUR,-15,EUR,Pizza
05/04/2022,Cash,Eating out,-8.5,EUR,-8.5,EUR,Antonios
05/04/2022,Cash,Food,-30,EUR,-30,EUR,Lidl
05/04/2022,Cash,House,-13,EUR,-13,EUR,Bascula
05/04/2022,Cash,Entertainment,-2.5,EUR,-2.5,EUR,Euromillones
05/04/2022,Cash,Bills,-37,EUR,-37,EUR,Pepephone
06/04/2022,Cash,Car,-80,EUR,-80,EUR,Parking
07/04/2022,Cash,Eating out,-9.75,EUR,-9.75,EUR,Dinar ofi
07/04/2022,Cash,Eating out,-14.5,EUR,-14.5,EUR,Sopar
08/04/2022,Cash,Eating out,-6,EUR,-6,EUR,Esmo
08/04/2022,Cash,Gifts,-6,EUR,-6,EUR,
08/04/2022,Cash,Food,-7,EUR,-7,EUR,Fruiteria
08/04/2022,Cash,Health,-60,EUR,-60,EUR,Cant
08/04/2022,Cash,Eating out,-4.5,EUR,-4.5,EUR,Shwarma
09/04/2022,Cash,Gifts,-17,EUR,-17,EUR,Varis casa
09/04/2022,Cash,Sports,-16,EUR,-16,EUR,Hwarang
12/04/2022,Cash,Food,-27,EUR,-27,EUR,Lidl
12/04/2022,Cash,Entertainment,-6,EUR,-6,EUR,Estanc
13/04/2022,Cash,House,-404,EUR,-404,EUR,Parquet
13/04/2022,Cash,Bills,-37,EUR,-37,EUR,Gas
14/04/2022,Cash,Eating out,-13.4,EUR,-13.4,EUR,Dinar ofi
15/04/2022,Cash,Eating out,-37.8,EUR,-37.8,EUR,Dinar thai
17/04/2022,Cash,Eating out,-10,EUR,-10,EUR,Sopar
17/04/2022,Cash,Entertainment,-4.5,EUR,-4.5,EUR,Birres
18/04/2022,Cash,Eating out,-30,EUR,-30,EUR,Ugarit frik
18/04/2022,Cash,Entertainment,-7,EUR,-7,EUR,Birres frik
18/04/2022,Cash,Transport,-2.2,EUR,-2.2,EUR,El papiol
18/04/2022,Cash,Transport,-10.2,EUR,-10.2,EUR,Taxi
18/04/2022,Cash,Eating out,-4,EUR,-4,EUR,Forn
19/04/2022,Cash,Food,-40.28,EUR,-40.28,EUR,Mercadona
19/04/2022,Cash,House,-350,EUR,-350,EUR,Lloguer pis
19/04/2022,Cash,Bills,-50,EUR,-50,EUR,Aigua
19/04/2022,Cash,Bills,-35,EUR,-35,EUR,Llum
22/04/2022,Cash,Food,-4,EUR,-4,EUR,Carn picada vegan
22/04/2022,Cash,Food,-25,EUR,-25,EUR,Mercadona
23/04/2022,Cash,Gifts,-24,EUR,-24,EUR,Rosa
23/04/2022,Cash,House,-10.5,EUR,-10.5,EUR,Varis chino
23/04/2022,Cash,Food,-6,EUR,-6,EUR,
23/04/2022,Cash,Eating out,-10,EUR,-10,EUR,Brunch raquel
23/04/2022,Cash,Entertainment,-25,EUR,-25,EUR,Aso
24/04/2022,Cash,Eating out,-45,EUR,-45,EUR,Dinar papis
25/04/2022,Cash,Eating out,-6.75,EUR,-6.75,EUR,Dinar ofi
25/04/2022,Cash,Eating out,-5,EUR,-5,EUR,Puro café
26/04/2022,Cash,Health,-60,EUR,-60,EUR,Alicia posturologa
26/04/2022,Cash,Transport,-11.5,EUR,-11.5,EUR,Metro
27/04/2022,Cash,Car,-8.5,EUR,-8.5,EUR,Peatge cercs anada
28/04/2022,Cash,Food,-5.5,EUR,-5.5,EUR,Agustí
29/04/2022,Cash,Food,-4.6,EUR,-4.6,EUR,Agustí
30/04/2022,Cash,Eating out,-25,EUR,-25,EUR,Pummarola
30/04/2022,Cash,Food,-20,EUR,-20,EUR,Lidl
30/04/2022,Cash,House,-11,EUR,-11,EUR,Llum sal
03/05/2022,Cash,Eating out,-3.3,EUR,-3.3,EUR,Cafe i pastes
03/05/2022,Cash,Food,-27,EUR,-27,EUR,Mercadona
03/05/2022,Cash,House,-250,EUR,-250,EUR,Pis
03/05/2022,Cash,Bills,-50,EUR,-50,EUR,Llum
03/05/2022,Cash,Car,-68,EUR,-68,EUR,Impost circulació
04/05/2022,Cash,Health,-60,EUR,-60,EUR,Cant
04/05/2022,Cash,Salary,"1,800",EUR,"1,800",EUR,
04/05/2022,Cash,Bills,-38.2,EUR,-38.2,EUR,Pepephone
05/05/2022,Cash,House,-180,EUR,-180,EUR,Cecotex conga
06/05/2022,Cash,Entertainment,-2.25,EUR,-2.25,EUR,Birres camping
06/05/2022,Cash,Entertainment,-2.25,EUR,-2.25,EUR,Birres camping
06/05/2022,Cash,Eating out,-18.3,EUR,-18.3,EUR,La real
06/05/2022,Cash,Entertainment,-4,EUR,-4,EUR,Birres
06/05/2022,Cash,Car,-80,EUR,-80,EUR,Parking
07/05/2022,Cash,Entertainment,-50,EUR,-50,EUR,Concert cant
08/05/2022,Cash,Food,-7.5,EUR,-7.5,EUR,Area guisona
09/05/2022,Cash,Cosmetic,-50,EUR,-50,EUR,Tapthai toothpaste
09/05/2022,Cash,Food,-21,EUR,-21,EUR,Mercadona
10/05/2022,Cash,Food,-12,EUR,-12,EUR,Varis menjar
10/05/2022,Cash,Entertainment,-6,EUR,-6,EUR,Estanc
10/05/2022,Cash,Health,-60,EUR,-60,EUR,Alicia posturologa
11/05/2022,Cash,Eating out,-12.5,EUR,-12.5,EUR,Dinar ofi
11/05/2022,Cash,Entertainment,-8.5,EUR,-8.5,EUR,Aso
12/05/2022,Cash,Eating out,-16,EUR,-16,EUR,
13/05/2022,Cash,House,-110,EUR,-110,EUR,Leroy
13/05/2022,Cash,Eating out,-24,EUR,-24,EUR,Dinar
14/05/2022,Cash,Eating out,-30,EUR,-30,EUR,Tarantula
14/05/2022,Cash,Entertainment,-15,EUR,-15,EUR,Varis
16/05/2022,Cash,Food,-35,EUR,-35,EUR,Mercadona
19/05/2022,Cash,Eating out,-14.5,EUR,-14.5,EUR,Sushi
19/05/2022,Cash,Entertainment,-4.7,EUR,-4.7,EUR,Birres
19/05/2022,Cash,Eating out,-12,EUR,-12,EUR,Tacos
20/05/2022,Cash,Gifts,-9,EUR,-9,EUR,Incienso
20/05/2022,Cash,Food,-19,EUR,-19,EUR,Lidl
20/05/2022,Cash,Gifts,-20,EUR,-20,EUR,Donació
22/05/2022,Cash,Entertainment,-6,EUR,-6,EUR,Estanc
23/05/2022,Cash,Sports,-17,EUR,-17,EUR,Rocodrom
23/05/2022,Cash,Eating out,-12.5,EUR,-12.5,EUR,Dinar ofi
24/05/2022,Cash,Eating out,-6,EUR,-6,EUR,Antonios
25/05/2022,Cash,Food,-13.69,EUR,-13.69,EUR,Mercadona
26/05/2022,Cash,Eating out,-10.5,EUR,-10.5,EUR,Sushi
26/05/2022,Cash,Entertainment,-8.6,EUR,-8.6,EUR,
26/05/2022,Cash,Entertainment,-10,EUR,-10,EUR,Atic
27/05/2022,Cash,Entertainment,-6.8,EUR,-6.8,EUR,Birres
27/05/2022,Cash,Gifts,-16,EUR,-16,EUR,Regal papi
27/05/2022,Cash,Cosmetic,-12,EUR,-12,EUR,Pelu
27/05/2022,Cash,Eating out,-12,EUR,-12,EUR,Dinar bocata
28/05/2022,Cash,Gifts,-30,EUR,-30,EUR,Abacus
28/05/2022,Cash,Food,-8.8,EUR,-8.8,EUR,Fruiteria
30/05/2022,Cash,Entertainment,-10,EUR,-10,EUR,Birres laia
31/05/2022,Cash,Food,-6,EUR,-6,EUR,Area guisona
31/05/2022,Cash,Health,-7.85,EUR,-7.85,EUR,Farmacia
03/06/2022,Cash,Food,-34,EUR,-34,EUR,Lidl
03/06/2022,Cash,Entertainment,-6,EUR,-6,EUR,Estanc
03/06/2022,Cash,Salary,"1,800",EUR,"1,800",EUR,
04/06/2022,Cash,Eating out,-6.6,EUR,-6.6,EUR,Empanades
04/06/2022,Cash,Bills,-36.7,EUR,-36.7,EUR,Pepephone
04/06/2022,Cash,Car,-80,EUR,-80,EUR,Parking
04/06/2022,Cash,House,-350,EUR,-350,EUR,Lloguer pis
04/06/2022,Cash,Bills,-41,EUR,-41,EUR,Aigua
04/06/2022,Cash,Bills,-24,EUR,-24,EUR,Llum
05/06/2022,Cash,Eating out,-6.75,EUR,-6.75,EUR,St eulalia
06/06/2022,Cash,Eating out,-19,EUR,-19,EUR,Dinar el prat
06/06/2022,Cash,Entertainment,-6,EUR,-6,EUR,Gelateria 
07/06/2022,Cash,Food,-29,EUR,-29,EUR,Mercadona
08/06/2022,Cash,Eating out,-11.5,EUR,-11.5,EUR,Dinar ofi
08/06/2022,Cash,Eating out,-6.7,EUR,-6.7,EUR,Cafe
08/06/2022,Cash,Entertainment,-22.5,EUR,-22.5,EUR,Npk
08/06/2022,Cash,Bills,-21.33,EUR,-21.33,EUR,Gas
09/06/2022,Cash,Eating out,-45,EUR,-45,EUR,Vegeano
09/06/2022,Cash,Sports,-30,EUR,-30,EUR,Leo
11/06/2022,Cash,Entertainment,-25,EUR,-25,EUR,Vallcarca
12/06/2022,Cash,Food,-7,EUR,-7,EUR,Dinar 
12/06/2022,Cash,Entertainment,-7,EUR,-7,EUR,Estanc
13/06/2022,Cash,Eating out,-17.5,EUR,-17.5,EUR,Dinar ofi
14/06/2022,Cash,Eating out,-13.95,EUR,-13.95,EUR,Dinar ofi
14/06/2022,Cash,Sports,-10,EUR,-10,EUR,Mael
14/06/2022,Cash,Food,-4.15,EUR,-4.15,EUR,Paki
15/06/2022,Cash,Clothes,-19,EUR,-19,EUR,Decathlon
17/06/2022,Cash,Gifts,-6,EUR,-6,EUR,Regal Dario
17/06/2022,Cash,Food,-38,EUR,-38,EUR,Mercadona
17/06/2022,Cash,Entertainment,-8,EUR,-8,EUR,Birres lode
17/06/2022,Cash,Entertainment,-5,EUR,-5,EUR,Varis dario
17/06/2022,Cash,Transport,-11,EUR,-11,EUR,Metro
17/06/2022,Cash,Entertainment,-40,EUR,-40,EUR,Dario party
18/06/2022,Cash,Eating out,-26,EUR,-26,EUR,Sopar raquel
18/06/2022,Cash,Clothes,-40,EUR,-40,EUR,Decathlon
19/06/2022,Cash,Entertainment,-4.15,EUR,-4.15,EUR,Cafe
19/06/2022,Cash,Health,-55,EUR,-55,EUR,Cuenco
21/06/2022,Cash,Eating out,-10.5,EUR,-10.5,EUR,Sushi
21/06/2022,Cash,Sports,-10,EUR,-10,EUR,Maël
21/06/2022,Cash,Food,-5,EUR,-5,EUR,Comidita
23/06/2022,Cash,Gifts,-10,EUR,-10,EUR,Llanterna
23/06/2022,Cash,Eating out,-22.5,EUR,-22.5,EUR,Sopar st joan
25/06/2022,Cash,Eating out,-8,EUR,-8,EUR,Café parets
26/06/2022,Cash,Entertainment,-8.5,EUR,-8.5,EUR,Birra
26/06/2022,Cash,Entertainment,-8.5,EUR,-8.5,EUR,Estanc
26/06/2022,Cash,Food,-1.48,EUR,-1.48,EUR,Birra
27/06/2022,Cash,Car,-84,EUR,-84,EUR,Revisió cotxe
27/06/2022,Cash,Entertainment,-103,EUR,-103,EUR,Tokens resu
28/06/2022,Cash,Eating out,-4,EUR,-4,EUR,Puro café
28/06/2022,Cash,Eating out,-3,EUR,-3,EUR,Entrepa
28/06/2022,Cash,Eating out,-12.5,EUR,-12.5,EUR,Dinar ofi
28/06/2022,Cash,Food,-24,EUR,-24,EUR,Mercadona
29/06/2022,Cash,Eating out,-3,EUR,-3,EUR,Bocata logroño
30/06/2022,Cash,Clothes,-20,EUR,-20,EUR,Sudadera
02/07/2022,Cash,Entertainment,-38,EUR,-38,EUR,Resu tokens
05/07/2022,Cash,Eating out,-16,EUR,-16,EUR,Dinar xoan
05/07/2022,Cash,Entertainment,-263,EUR,-263,EUR,Resu despeses
05/07/2022,Cash,Salary,"1,800",EUR,"1,800",EUR,
06/07/2022,Cash,Food,-28,EUR,-28,EUR,Mercadona
06/07/2022,Cash,Entertainment,-10,EUR,-10,EUR,Birres
06/07/2022,Cash,Eating out,-9.5,EUR,-9.5,EUR,Dinar ofi
06/07/2022,Cash,Eating out,-10,EUR,-10,EUR,Pizza
06/07/2022,Cash,Car,-80,EUR,-80,EUR,Parking
07/07/2022,Cash,Eating out,-4.75,EUR,-4.75,EUR,Dinar ofi
07/07/2022,Cash,Bills,-38,EUR,-38,EUR,Pepephone
07/07/2022,Cash,Deposits,148,EUR,148,EUR,Renta
07/07/2022,Cash,House,-350,EUR,-350,EUR,Lloguer pis
09/07/2022,Cash,Eating out,-32,EUR,-32,EUR,Sopar lode ruth
09/07/2022,Cash,Entertainment,-12,EUR,-12,EUR,Birres
11/07/2022,Cash,Eating out,-27,EUR,-27,EUR,Dinar sete
12/07/2022,Cash,Eating out,-16,EUR,-16,EUR,Dinar ofi
13/07/2022,Cash,Food,-27,EUR,-27,EUR,Lidl
14/07/2022,Cash,Eating out,-13,EUR,-13,EUR,Dinar ofi
